{"cameraMode":{"drawMode":2,"name":"Shaded Wireframe","section":"Shading Mode"},"sceneLighting":true,"audioPlay":false,"sceneViewState":{"m_AlwaysRefresh":false,"showFog":true,"showSkybox":true,"showFlares":true,"showImageEffects":true,"showParticleSystems":true,"showVisualEffectGraphs":true,"m_FxEnabled":true},"in2DMode":false,"pivot":{"x":-11.497188568115235,"y":1.32357656955719,"z":2.4122397899627687},"rotation":{"x":0.059961289167404178,"y":-0.020636534318327905,"z":0.0012377117527648807,"w":0.9979934096336365},"size":6.776342391967773,"orthographic":false}